id,name
1,Alice
2,Bob
3,Charlie
4,Diana
5,Eve
6,Frank
7,Grace
8,Hank
9,Ivy
10,Jack
11,Alice
12,Bob
13,Kate
14,Liam
15,Mona
16,Nate
17,Olive
18,Paul
19,Quinn
20,Rose
21,Alice
22,Bob
23,Steve
24,Tina
25,Uma
26,Vic
27,Wendy
28,Xander
29,Yara
30,Zane
31,Alice
32,Bob
33,Charlie
34,Diana
35,Eve
36,Frank
37,Grace
38,Hank
39,Ivy
40,Jack
41,Alice
42,Bob
43,Kate
44,Liam
45,Mona
46,Nate
47,Olive
48,Paul
49,Quinn
50,Rose
51,Alice
52,Bob
53,Steve
54,Tina
55,Uma
56,Vic
57,Wendy
58,Xander
59,Yara
60,Zane
61,Abel
62,Bea
63,Cory
64,Dana
65,Elena
66,Fred
67,Gina
68,Hugo
69,Iris
70,John
71,Kara
72,Leo
73,Mira
74,Noel
75,Opal
76,Pete
77,Queen
78,Ray
79,Sara
80,Tom
81,Una
82,Vera
83,Will
84,Ximena
85,Yuri
86,Zelda
87,Alice
88,Bob
89,Charlie
90,Diana
91,Eve
92,Frank
93,Grace
94,Hank
95,Ivy
96,Jack
97,Alice
98,Bob
99,Charlie
100,Diana